Target,MSE,RMSE,R2
ACE-km,61.29434,7.82907,0.4064117054415991
