Target,MSE,RMSE,R2
H2-km,749.7349,27.381289,0.2199362496354612
