Target,MSE,RMSE,R2
ACE-km,213.24759,14.603,-1.0651385266582194
