Target,MSE,RMSE,R2
H2-km,2184.8901,46.74281,-1.2732748515447851
