target,mse,rmse,r2
H2-km,990.8214,30.457464,-0.07225438242903304
