target,mse,rmse,r2
ACE-km,85.56649,8.958849,0.1742208373892716
