target,mse,rmse,r2
H2-km,999.1248,30.551605,-0.045706520394054026
