target,mse,rmse,r2
ACE-km,109.901505,10.311349,-0.1551788876264329
