target,mse,rmse,r2
ACE-km,42.127617,6.0788813,0.6229101243275504
