target,mse,rmse,r2
H2-km,1392.4839,36.40239,-0.5130346193818588
